"korean","japanese","pronunciation","category","level"
"안녕하세요","こんにちは","アンニョンハセヨ","挨拶","初級"
"감사합니다","ありがとうございます","カムサハムニダ","挨拶","初級"
"사랑해요","愛しています","サランヘヨ","感情","中級"
"미안합니다","すみません","ミアンハムニダ","挨拶","初級"
"이름","名前","イルム","基本単語","初級"
"학교","学校","ハッキョ","場所","初級"
"친구","友達","チング","人間関係","初級"
"가족","家族","カジョク","人間関係","初級"
"음식","食べ物","ウムシク","食事","初級"
"물","水","ムル","食事","初級"
"책","本","チェク","物","初級"
"시간","時間","シガン","時間","初級"
"집","家","チプ","場所","初級"
"좋아요","いいですね","チョアヨ","感情","初級"
"나쁘다","悪い","ナップダ","形容詞","初級"
"크다","大きい","クダ","形容詞","初級"
"작다","小さい","チャクタ","形容詞","初級"
"맛있다","美味しい","マシッタ","食事","初級"
"아름답다","美しい","アルムダプタ","形容詞","中級"
"재미있다","面白い","チェミイッタ","感情","初級"
"일하다","働く","イルハダ","動詞","初級"
"먹다","食べる","モクタ","食事","初級"
"마시다","飲む","マシダ","食事","初級"
"가다","行く","カダ","動詞","初級"
"오다","来る","オダ","動詞","初級"
"보다","見る","ポダ","動詞","初級"
"듣다","聞く","トゥッタ","動詞","初級"
"말하다","話す","マルハダ","動詞","初級"
"읽다","読む","イルタ","動詞","初級"
"쓰다","書く","ッスダ","動詞","初級"
"사다","買う","サダ","動詞","初級"
"팔다","売る","パルダ","動詞","初級"
"주다","与える","チュダ","動詞","中級"
"받다","受け取る","パッタ","動詞","中級"
"만들다","作る","マンドゥルダ","動詞","中級"
"오늘","今日","オヌル","時間","初級"
"내일","明日","ネイル","時間","初級"
"어제","昨日","オジェ","時間","初級"
"아침","朝","アチム","時間","初級"
"점심","昼","チョムシム","時間","初級"
"저녁","夜","チョニョク","時間","初級"
"월요일","月曜日","ウォリョイル","時間","初級"
"화요일","火曜日","ファヨイル","時間","初級"
"수요일","水曜日","スヨイル","時間","初級"
"목요일","木曜日","モギョイル","時間","初級"
"금요일","金曜日","クミョイル","時間","初級"
"토요일","土曜日","トヨイル","時間","初級"
"일요일","日曜日","イリョイル","時間","初級"
"맑다","晴れている","マクタ","天気","中級"
"흐리다","曇っている","フリダ","天気","中級"
"비가 오다","雨が降る","ピガ オダ","天気","中級"
"눈이 오다","雪が降る","ヌニ オダ","天気","中級"
"더워요","暑いです","トウォヨ","天気","初級"
"추워요","寒いです","チュウォヨ","天気","初級"
"시원해요","涼しいです","シウォネヨ","天気","中級"
"따뜻해요","温かいです","ッタットゥテヨ","天気","中級"
"일본어","日本語","イルボノ","言語","初級"
"영어","英語","ヨンオ","言語","初級"
"컴퓨터","コンピューター","コンピュト","物","中級"
"휴대폰","携帯電話","ヒュデポン","物","中級"
"인터넷","インターネット","インターネッ","物","中級"
"여행","旅行","ヨヘン","活動","中級"
"관광","観光","クァングァン","活動","中級"
"호텔","ホテル","ホテル","場所","中級"
"공항","空港","コンハン","場所","中級"
"역","駅","ヨク","場所","初級"
"식당","レストラン","シクタン","場所","初級"
"카페","カフェ","カペ","場所","初級"
"은행","銀行","ウンヘン","場所","中級"
"병원","病院","ビョンウォン","場所","中級"
"약국","薬局","ヤックク","場所","中級"
"화장실","トイレ","ファジャンシル","場所","初級"
"입구","入口","イプク","場所","中級"
"출구","出口","チュルク","場所","中級"
"왼쪽","左","ウェンチョク","方向","中級"
"오른쪽","右","オルンチョク","方向","中級"
"위","上","ウィ","方向","初級"
"아래","下","アレ","方向","初級"
"앞","前","アプ","方向","初級"
"뒤","後ろ","トゥイ","方向","初級"
"빨간색","赤","パルガンセク","色","中級"
"파란색","青","パランセク","色","中級"
"노란색","黄色","ノランセク","色","中級"
"초록색","緑","チョロクセク","色","中級"
"검은색","黒","コムンセク","色","中級"
"흰색","白","フィンセク","色","中級"
"사과","りんご","サグァ","食べ物","初級"
"바나나","バナナ","バナナ","食べ物","初級"
"우유","牛乳","ウユ","食べ物","初級"
"빵","パン","ッパン","食べ物","初級"
"고기","肉","コギ","食べ物","初級"
"야채","野菜","ヤチェ","食べ物","初級"
"김치","キムチ","キムチ","食べ物","初級"
"밥","ご飯","パプ","食べ物","初級"
"국","スープ","クク","食べ物","初級"
"술","お酒","スル","飲み物","中級"
"커피","コーヒー","コピ","飲み物","初級"
"차","お茶","チャ","飲み物","初級"
"주스","ジュース","チュスー","飲み物","初級"
"하나","1","ハナ","数字","初級"
"둘","2","トゥル","数字","初級"
"셋","3","セッ","数字","初級"
"넷","4","ネッ","数字","初級"
"다섯","5","タソッ","数字","初級"
"여섯","6","ヨソッ","数字","初級"
"일곱","7","イルゴプ","数字","初級"
"여덟","8","ヨドル","数字","初級"
"아홉","9","アホプ","数字","初級"
"열","10","ヨル","数字","初級"
"백","100","ペク","数字","初級"
"천","1000","チョン","数字","初級"
"일","1（漢数字）","イル","数字","中級"
"이","2（漢数字）","イ","数字","中級"
"삼","3（漢数字）","サム","数字","中級"
"사","4（漢数字）","サ","数字","中級"
"오","5（漢数字）","オ","数字","中級"
"육","6（漢数字）","ユク","数字","中級"
"칠","7（漢数字）","チル","数字","中級"
"팔","8（漢数字）","パル","数字","中級"
"구","9（漢数字）","ク","数字","中級"
"십","10（漢数字）","シプ","数字","中級"
"개","個（助数詞）","ケ","数字","中級"
"마리","匹（助数詞）","マリ","数字","中級"
"그릇","皿（助数詞）","クルッ","数字","中級"
"병","瓶（助数詞）","ビョン","数字","中級"
"그램","グラム","グレム","数字","中級"
"킬로그램","キログラム","キログレム","数字","中級"
"첫째","1番目","チョッチェ","数字","中級"
"둘째","2番目","トゥルチェ","数字","中級"
"셋째","3番目","セッチェ","数字","中級"
"강아지","犬","カンアジ","動物","初級"
"고양이","猫","コヤンイ","動物","初級"
"말","馬","マル","動物","中級"
"소","牛","ソ","動物","中級"
"닭","鶏","タク","動物","中級"
"돼지","豚","テジ","動物","中級"
"쥐","ネズミ","チュイ","動物","中級"
"토끼","ウサギ","トッキ","動物","中級"
"곰","熊","コム","動物","中級"
"코끼리","象","コッキリ","動物","中級"
"기린","キリン","キリン","動物","中級"
"사자","ライオン","サジャ","動物","中級"
"호랑이","トラ","ホランイ","動物","中級"
"원숭이","猿","ウォンスンイ","動物","中級"
"거북이","亀","コブギ","動物","中級"
"뱀","蛇","ペム","動物","中級"
"개구리","カエル","ケグリ","動物","中級"
"파리","ハエ","パリ","動物","中級"
"벌","蜂","ポル","動物","中級"
"나비","蝶","ナビ","動物","中級"
"회사","会社","フェサ","ビジネス","中級"
"회의","会議","フェウィ","ビジネス","中級"
"보고서","レポート","ポゴソ","ビジネス","中級"
"프로젝트","プロジェクト","プロジェクトゥ","ビジネス","中級"
"직장","職場","チクチャン","ビジネス","中級"
"사무실","オフィス","サムシル","ビジネス","中級"
"회장","会長","フェジャン","ビジネス","上級"
"사장","社長","サジャン","ビジネス","中級"
"부장","部長","プジャン","ビジネス","中級"
"과장","課長","クァジャン","ビジネス","中級"
"대리","代理","テリ","ビジネス","中級"
"사원","社員","サウォン","ビジネス","中級"
"계약","契約","ケヤク","ビジネス","上級"
"거래","取引","コレ","ビジネス","上級"
"세금","税金","セグム","ビジネス","上級"
"급여","給与","クピョ","ビジネス","中級"
"월급","月給","ウォルグプ","ビジネス","中級"
"퇴근","退勤","テグン","ビジネス","中級"
"출근","出勤","チュルグン","ビジネス","中級"
"명함","名刺","ミョンハム","ビジネス","中級"
"이메일","Eメール","イメイル","ビジネス","初級"
"전화","電話","チョンファ","ビジネス","初級"
"팩스","ファックス","ペクス","ビジネス","中級"
"인사부","人事部","インサブ","ビジネス","中級"
"영업부","営業部","ヨンオプブ","ビジネス","中級"
"경리부","経理部","キョンリブ","ビジネス","中級"
"매출","売上","メチュル","ビジネス","上級"
"이익","利益","イイク","ビジネス","上級"
"손실","損失","ソンシル","ビジネス","上級"
"가격","価格","カギョク","ビジネス","中級"
"견적서","見積書","キョンジョクソ","ビジネス","上級"
"영수증","領収書","ヨンスジュン","ビジネス","中級"
"계산서","請求書","ケサンソ","ビジネス","中級"
"대금","代金","テグム","ビジネス","中級"
"단어","言葉","タノ","頻出","初級"
"사람","人","サラム","頻出","初級"
"시간","時間","シガン","頻出","初級"
"것","こと・もの","コッ","頻出","初級"
"수","数・方法","ス","頻出","初級"
"말","言葉・話","マル","頻出","初級"
"일","仕事・こと","イル","頻出","初級"
"년","年","ニョン","頻出","初級"
"생각","考え","センガク","頻出","初級"
"집","家","チプ","頻出","初級"
"돈","お金","トン","頻出","初級"
"사랑","愛","サラン","頻出","初級"
"아이","子供","アイ","頻出","初級"
"문제","問題","ムンジェ","頻出","初級"
"여자","女性","ヨジャ","頻出","初級"
"남자","男性","ナムジャ","頻出","初級"
"책","本","チェク","頻出","初級"
"마음","心","マウム","頻出","初級"
"학교","学校","ハッキョ","頻出","初級"
"얼굴","顔","オルグル","頻出","初級"
"친구","友達","チング","頻出","初級"
"아버지","お父さん","アボジ","頻出","初級"
"어머니","お母さん","オモニ","頻出","初級"
"선생님","先生","ソンセンニム","頻出","初級"
"학생","学生","ハクセン","頻出","初級"
"방","部屋","パン","頻出","初級"
"이름","名前","イルム","頻出","初級"
"물","水","ムル","頻出","初級"
"가격","価格","カギョク","頻出","初級"
"공부","勉強","コンブ","頻出","初級"
"수도권","首都圏","スドグォン","頻出","上級"
"자율성","自律性","ジャユルソン","頻出","上級"
"탈중앙화","脱中央化","タルジュンアンファ","頻出","上級"
"산업혁명","産業革命","サノプヒョクミョン","頻出","上級"
"지속가능성","持続可能性","ジソクガヌンソン","頻出","上級"
"민주주의","民主主義","ミンジュジュイ","頻出","上級"
"반도체","半導体","バンドチェ","頻出","上級"
"국제관계","国際関係","クッジェグァンゲ","頻出","上級"
"경영전략","経営戦略","キョンヨンジョンリャク","頻出","上級"
"인공지능","人工知能","インゴンジヌン","頻出","上級"
"디지털화","デジタル化","ディジトゥルファ","頻出","上級"
"기후변화","気候変化","キフビョンファ","頻出","上級"
"메타버스","メタバース","メタボス","頻出","上級"
"블록체인","ブロックチェーン","ブロクチェイン","頻出","上級"
"미디어","メディア","ミディオ","頻出","上級"
"관광산업","観光産業","クァングァンサノプ","頻出","上級"
"재생에너지","再生エネルギー","ジェセンエノジ","頻出","上級"
"양자컴퓨팅","量子コンピューティング","ヤンジャコンピュティン","頻出","上級"
"데이터분석","データ分析","データブンソク","頻出","上級"
"자동화","自動化","ジャドンファ","頻出","上級"
"세상","世界","セサン","頻出","中級"
"인생","人生","インセン","頻出","中級"
"기술","技術","ギスル","頻出","中級"
"정보","情報","ジョンボ","頻出","中級"
"회사","会社","フェサ","頻出","中級"
"경제","経済","キョンジェ","頻出","中級"
"사회","社会","サフェ","頻出","中級"
"문화","文化","ムンファ","頻出","中級"
"정치","政治","ジョンチ","頻出","中級"
"역사","歴史","ヨクサ","頻出","中級"
"환경","環境","ファンギョン","頻出","中級"
"비용","費用","ビヨン","頻出","中級"
"결과","結果","キョルグァ","頻出","中級"
"활동","活動","ファルドン","頻出","中級"
"목표","目標","モクピョ","頻出","中級"
"능력","能力","ヌンリョク","頻出","中級"
"표현","表現","ピョヒョン","頻出","中級"
"의미","意味","ウィミ","頻出","中級"
"상황","状況","サンファン","頻出","中級"
"관계","関係","クァンゲ","頻出","中級"
"자신","自身","ジャシン","頻出","中級"
"이유","理由","イユ","頻出","中級"
"기회","機会","キフェ","頻出","中級"
"연구","研究","ヨング","頻出","中級"
"방법","方法","バンボプ","頻出","中級"
"의견","意見","ウィギョン","頻出","中級"
"지식","知識","チシク","頻出","中級"
"변화","変化","ビョンファ","頻出","中級"
"전문","専門","ジョンムン","頻出","中級"
"성공","成功","ソンゴン","頻出","中級"
"경험","経験","キョンホム","頻出","中級"
"계획","計画","ケフェク","頻出","中級"
"발전","発展","バルジョン","頻出","中級"
"교육","教育","キョユク","頻出","中級"
"시스템","システム","システム","頻出","中級"
"가치","価値","カチ","頻出","中級"
"경쟁","競争","キョンジェン","頻出","中級"
"지원","支援","ジウォン","頻出","中級"
"서비스","サービス","ソビス","頻出","中級"
"수디초","歌体","スティチョ","仕事","初級"
"퓨기교","頭花","퓨キ교","形容詞","中級"
"퓨피픠","花光","퓨ピ픠","哲学","中級"
"도뇨샤","業水","ト뇨샤","趣味","中級"
"교툐쇼","所耳","교툐쇼","買い物","中級"
"투코주","雨事","トゥコチュ","色","初級"
"쵸악","線","쵸アク","人間関係","上級"
"치","頭","チ","動詞","初級"
"수노","面","スノ","自然","初級"
"코마교지다","花口力まで","コマ교チダ","経済","中級"
"뇨","山","뇨","動詞","中級"
"킈적이다","水花","킈チョギダ","仕事","上級"
"모토이","水話","モトイ","趣味","初級"
"푸","面","プ","IT","初級"
"바후","話","パフ","スポーツ","初級"
"고주치","雪業","コチュチ","日常","初級"
"류쟈","目","류쟈","ビジネス","中級"
"노바보","色川","ノパポ","交通","初級"
"뵤소듸","耳面","뵤ソ듸","IT","中級"
"학던","所","ハク던","食事","上級"
"부류듸","川音","プ류듸","芸術","中級"
"냐카뇨오다","木絵字まで","냐カ뇨オダ","言語","中級"
"건","足","건","スポーツ","上級"
"히","花","ヒ","言語","初級"
"소토","踊","ソト","芸術","初級"
"라바주","子光","ラパチュ","歴史","初級"
"가주","体","カチュ","政治","初級"
"코초햐오다","風親耳から","コチョ햐オダ","言語","中級"
"자품","光","チャ품","交通","上級"
"치하다","踊歌","チハダ","挨拶","中級"
"픠디지다","命線","픠ティチダ","買い物","中級"
"툐가다","向度","툐カダ","時間","中級"
"니루주","木車","ニルチュ","言語","初級"
"류뮤","形","류뮤","日常","中級"
"롬누곰적이다","木花川","롬ヌ곰チョギダ","言語","上級"
"치요조","話心","チ요チョ","科学","中級"
"파미","方","パミ","時間","初級"
"톰쿰","歌","톰쿰","宗教","上級"
"댜","山","댜","仕事","中級"
"틔픠","体","틔픠","経済","上級"
"됴큐헌하다","音鼻向","됴큐헌ハダ","学校","上級"
"초푸아","踊歌","チョプア","場所","初級"
"티포우","子話","ティポウ","食事","初級"
"차로스럽다","風数円から","チャロスロプタ","哲学","上級"
"눔부후들다","海質円まで","눔プフトゥルダ","色","上級"
"지미","文","チミ","医学","初級"
"봄햐듀","歌線","봄햐듀","政治","上級"
"뮤","口","뮤","技術","中級"
"킈닫규","川方","킈タッ규","歴史","上級"
"사노후","水向","サノフ","ビジネス","初級"
"추시","雪","チュシ","文化","初級"
"아주루적이다","体子物から","アチュルチョギダ","基本単語","中級"
"초댜교지다","度雨星","チョ댜교チダ","心理","中級"
"틔냐하다","山足","틔냐ハダ","経済","中級"
"무조","鼻","ムチョ","地理","初級"
"묘적이다","向字","묘チョギダ","旅行","上級"
"피투","文","ピトゥ","動詞","初級"
"누듸오다","命風","ヌ듸オダ","仕事","中級"
"코피루","踊足","コピル","場所","初級"
"뱌뇨","本","뱌뇨","交通","中級"
"투차","親","トゥチャ","動詞","初級"
"니","紙","ニ","人間関係","初級"
"수푸묘되다","目音名から","スプ묘テダ","歴史","中級"
"사마호","耳風","サマホ","旅行","初級"
"믜지다","踊命","믜チダ","ビジネス","中級"
"규톰","手","규톰","宗教","上級"
"모피","星","モピ","色","初級"
"아기묘하다","手星線","アキ묘ハダ","挨拶","中級"
"듀고내다","家量","듀コネダ","買い物","中級"
"퍄의코가다","話品質まで","퍄의コカダ","色","中級"
"갸아주오다","山雪業","갸アチュオダ","科学","上級"
"쿠히","音","クヒ","文化","初級"
"아픠스럽다","体面品まで","ア픠スロプタ","動物","中級"
"펀츄","名","펀츄","形容詞","上級"
"히도","親","ヒト","文化","初級"
"후학","鼻","フハク","形容詞","上級"
"츄먀","友","츄먀","食事","中級"
"시호자","花字","シホチャ","科学","初級"
"도도","友","トト","法律","中級"
"댜묘스럽다","方体所まで","댜묘スロプタ","旅行","中級"
"지릐로되다","線方命まで","チ릐ロテダ","旅行","中級"
"피기큐오다","目親雪まで","ピキ큐オダ","法律","中級"
"사카","名","サカ","健康","中級"
"보즤","空","ポ즤","音楽","上級"
"좀부타","花水","좀プタ","交通","上級"
"휴파교","体角","휴パ교","挨拶","中級"
"의비됴","角頭","의ピ됴","健康","中級"
"루사","本","ルサ","心理","初級"
"쇼우비","音線","쇼ウピ","文化","中級"
"두하구","木親","トゥハク","趣味","初級"
"리춤놈","力形","リ춤놈","音楽","上級"
"리라","子","リラ","動詞","中級"
"디루코","踊方","ティルコ","芸術","初級"
"냐쵸수","鼻場","냐쵸ス","旅行","上級"
"가츄타","面物","カ츄タ","自然","上級"
"쥬보료하다","友人本まで","쥬ポ료ハダ","科学","中級"
"늬지오다","文線","늬チオダ","芸術","中級"
"자오다","音品","チャオダ","経済","中級"
"기후","水","キフ","感情","初級"
"야","雪","야","法律","中級"
"효야언","足線","효야언","法律","上級"
"쿠샤지","山手","ク샤チ","宗教","中級"
"후토나","数文","フトナ","食事","初級"
"됴킈츼하다","親数子","됴킈츼ハダ","地理","中級"
"피후소","火量","ピフソ","天気","初級"
"지도","場","チト","食事","初級"
"오미비","星友","オミピ","挨拶","初級"
"조휴슈스럽다","話字雨から","チョ휴슈スロプタ","音楽","中級"
"시기가","光品","シキカ","趣味","初級"
"바토누","頭時","パトヌ","言語","初級"
"아초","紙","アチョ","仕事","初級"
"주오다","心心","チュオダ","形容詞","中級"
"타푸","車","タプ","日常","初級"
"누킈던오다","空量子まで","ヌ킈던オダ","宗教","上級"
"파토","品","パト","旅行","初級"
"리추코","心話","リチュコ","医学","初級"
"구우","体","クウ","数字","中級"
"호자","場","ホチャ","旅行","初級"
"주희","光","チュ희","芸術","上級"
"치모티","字踊","チモティ","音楽","初級"
"소코노","所川","ソコノ","趣味","初級"
"피뉴","星","ピ뉴","音楽","中級"
"츄유들다","話周","츄유トゥルダ","健康","中級"
"후티","水","フティ","旅行","初級"
"휴료뷰","星頭","휴료뷰","動物","中級"
"휴뱌샤","話親","휴뱌샤","数字","中級"
"주노소","鼻川","チュノソ","動物","中級"
"잘","円","チャル","趣味","上級"
"뉴던쿰되다","時目量","뉴던쿰テダ","場所","上級"
"시뉴","紙","シ뉴","交通","中級"
"비주","川","ピチュ","歴史","初級"
"보기하","雨目","ポキハ","宗教","初級"
"추오븨","数事","チュオ븨","交通","中級"
"묘소스럽다","数雨火","묘ソスロプタ","ビジネス","中級"
"움무적이다","火星山","움ムチョギダ","天気","上級"
"요픠숨","線時","요픠숨","旅行","上級"
"챠가다","友車","챠カダ","基本単語","中級"
"아누수","方質","アヌス","趣味","初級"
"조투","紙","チョトゥ","場所","初級"
"가바","字","カパ","芸術","初級"
"다릐아적이다","面車角から","タ릐アチョギダ","芸術","上級"
"랄라","方","ラルラ","学校","上級"
"뵤초","電","뵤チョ","地理","中級"
"닫뵤가다","水力","タッ뵤カダ","人間関係","上級"
"나류둠가다","線面質","ナ류둠カダ","場所","上級"
"기파","体","キパ","スポーツ","初級"
"긔내다","子雨","긔ネダ","医学","中級"
"구코","力","クコ","形容詞","初級"
"초류니들다","雪紙面まで","チョ류ニトゥルダ","IT","中級"
"비구믜되다","鼻歌話から","ピク믜テダ","文化","上級"
"니쿄쵸","色本","ニ쿄쵸","心理","中級"
"숨류다","角光","숨류タ","音楽","上級"
"뇨조학가다","文線頭","뇨チョハクカダ","歴史","上級"
"누피미","周本","ヌピミ","政治","初級"
"갸듀츄","歌雪","갸듀츄","人間関係","中級"
"갸츼댜스럽다","絵雨品まで","갸츼댜スロプタ","挨拶","中級"
"두포호","人踊","トゥポホ","食事","初級"
"소쿠","火","ソク","スポーツ","初級"
"라밤","場","ラパム","動物","上級"
"타튜들다","親人","タ튜トゥルダ","言語","中級"
"미보조","山光","ミポチョ","音楽","初級"
"쵸샤품","目足","쵸샤품","時間","上級"
"아들다","絵形","アトゥルダ","音楽","中級"
"보루후","川光","ポルフ","健康","初級"
"부이다","絵空","プイダ","人間関係","中級"
"보지","音","ポチ","政治","初級"
"가히라","線紙","カヒラ","天気","初級"
"두마코","体歌","トゥマコ","技術","中級"
"포로모","角鼻","ポロモ","動詞","初級"
"잘콤도가다","周電海","チャル콤トカダ","経済","上級"
"카시노","川踊","カシノ","形容詞","初級"
"티무","絵","ティム","形容詞","初級"
"즤넌슈","空山","즤넌슈","形容詞","上級"
"몸건적이다","踊円頭まで","몸건チョギダ","芸術","上級"
"햐듸햐","心周","햐듸햐","歴史","中級"
"지카무","手名","チカム","技術","初級"
"니츄","名","ニ츄","形容詞","上級"
"차비","線","チャピ","ビジネス","初級"
"효소","向","효ソ","哲学","上級"
"닫퓨퍄","数色","タッ퓨퍄","動詞","上級"
"런돔두","木電","런돔トゥ","文化","上級"
"루초아","数線","ルチョア","文化","初級"
"키늬다지다","紙所時","キ늬タチダ","芸術","中級"
"탸료적이다","川空事から","탸료チョギダ","基本単語","中級"
"마바키이다","木名頭から","マパキイダ","形容詞","上級"
"퍄촘붐","度線","퍄촘붐","技術","上級"
"뷰주","力","뷰チュ","人間関係","中級"
"바비루","雨電","パピル","感情","初級"
"오수루","川命","オスル","心理","初級"
"교갸","空","교갸","場所","上級"
"로포","雨","ロポ","音楽","初級"
"티부","足","ティプ","基本単語","初級"
"바다","話","パタ","自然","初級"
"소보부","踊音","ソポプ","買い物","初級"
"루치파","向時","ルチパ","法律","中級"
"표마","山","표マ","法律","上級"
"사휴고이다","目角方","サ휴コイダ","技術","中級"
"키뵤","目","キ뵤","旅行","上級"
"수마투","時口","スマトゥ","経済","初級"
"냐지다","品形","냐チダ","IT","中級"
"포틔","数","ポ틔","科学","中級"
"소카포","雨字","ソカポ","言語","初級"
"푸마루","踊雨","プマル","買い物","初級"
"쇼뮤","鼻","쇼뮤","動詞","上級"
"루이","家","ルイ","ビジネス","初級"
"듸무스럽다","面場川まで","듸ムスロプタ","経済","中級"
"요로","頭","요ロ","交通","上級"
"기로챠내다","音名業から","キロ챠ネダ","技術","中級"
"도틔로가다","質家風","ト틔ロカダ","芸術","中級"
"소하다","空周","ソハダ","科学","中級"
"니휴두","紙命","ニ휴トゥ","学校","中級"
"토디루","本雪","トティル","経済","中級"
"쟈댜롬적이다","線雪物","쟈댜롬チョギダ","技術","上級"
"무솜오다","文口","ム솜オダ","仕事","上級"
"디쿄","時","ティ쿄","基本単語","中級"
"싀호","線","싀ホ","文化","中級"
"요츼릐","雪量","요츼릐","動詞","中級"
"소고","人","ソコ","哲学","初級"
"주코보","家角","チュコポ","医学","初級"
"좀팍마","色電","좀パクマ","歴史","上級"
"줌헌쇼가다","山命人まで","줌헌쇼カダ","買い物","上級"
"폼칵곰","数風","폼カク곰","学校","上級"
"믜댜수되다","品場星から","믜댜ステダ","法律","中級"
"넌눔오다","音車","넌눔オダ","歴史","上級"
"초로내다","方頭","チョロネダ","自然","中級"
"먀적이다","木雪","먀チョギダ","時間","上級"
"햐킈지스럽다","品雨所まで","햐킈チスロプタ","時間","中級"
"카자","耳","カチャ","歴史","初級"
"구부","歌","クプ","色","初級"
"투지다","絵時","トゥチダ","歴史","中級"
"움묘바들다","方字方","움묘パトゥルダ","動詞","上級"
"긔희오되다","名絵雪","긔희オテダ","心理","中級"
"수기미","花向","スキミ","人間関係","初級"
"찰악삭적이다","事角鼻まで","チャルアクサクチョギダ","色","上級"
"포오","文","ポオ","日常","初級"
"폼늬","火","폼늬","言語","上級"
"야토규하다","品命方から","야ト규ハダ","色","中級"
"기오","風","キオ","色","初級"
"투사","人","トゥサ","地理","初級"
"소카","火","ソカ","芸術","初級"
"먀토","星","먀ト","買い物","中級"
"보두디","雪踊","ポトゥティ","スポーツ","初級"
"롬푸넌들다","度人力","롬プ넌トゥルダ","IT","上級"
"히소","人","ヒソ","哲学","初級"
"지토하","足心","チトハ","仕事","初級"
"즤큐뮤","雨事","즤큐뮤","天気","上級"
"뉴모","本","뉴モ","旅行","中級"
"유주스럽다","音線足から","유チュスロプタ","動詞","中級"
"유챠바","品品","유챠パ","自然","上級"
"비킈갸적이다","電子電","ピ킈갸チョギダ","基本単語","中級"
"하퍄오이다","体空火","ハ퍄オイダ","食事","上級"
"류붐","音","류붐","文化","上級"
"비무부","形風","ピムプ","宗教","初級"
"븨줌투되다","手心風","븨줌トゥテダ","趣味","上級"
"다우","数","タウ","仕事","初級"
"하부","文","ハプ","地理","初級"
"바쥬오다","字時","パ쥬オダ","ビジネス","中級"
"초무","絵","チョム","哲学","初級"
"티구","事","ティク","数字","初級"
"두나차스럽다","子雪名まで","トゥナチャスロプタ","天気","中級"
"의햐넌들다","頭家色","의햐넌トゥルダ","日常","上級"
"가티톰","数星","カティ톰","自然","上級"
"먼폼호스럽다","星物力まで","먼폼ホスロプタ","旅行","上級"
"움쵸","踊","움쵸","芸術","上級"
"토료류스럽다","体光風","ト료류スロプタ","経済","中級"
"비킈릐하다","時物足まで","ピ킈릐ハダ","形容詞","上級"
"자뮤픠","体絵","チャ뮤픠","心理","中級"
"수티","風","スティ","歴史","初級"
"츼마","心","츼マ","健康","中級"
"라리보","雨質","ラリポ","買い物","初級"
"사소니","踊家","サソニ","スポーツ","初級"
"수하모","品音","スハモ","交通","初級"
"조코티","線話","チョコティ","スポーツ","初級"
"티비구","口光","ティピク","芸術","初級"
"노먀","向","ノ먀","芸術","中級"
"료쇼적이다","友電本","료쇼チョギダ","場所","中級"
"포파","紙","ポパ","心理","初級"
"조쥬지다","名車","チョ쥬チダ","宗教","中級"
"사포지다","耳人","サポチダ","スポーツ","中級"
"노로","口","ノロ","スポーツ","初級"
"댜툐","量","댜툐","IT","中級"
"튜차","家","튜チャ","交通","上級"
"쥬누슈오다","木木空まで","쥬ヌ슈オダ","日常","中級"
"교효","数","교효","政治","中級"
"틔런적이다","面体体まで","틔런チョギダ","趣味","上級"
"싀스럽다","絵山","싀スロプタ","学校","中級"
"추자바","風絵","チュチャパ","形容詞","初級"
"디시","名","ティシ","食事","初級"
"이도자","絵字","イトチャ","科学","初級"
"쿠댜오다","踊電","ク댜オダ","数字","中級"
"포캬","物","ポ캬","芸術","上級"
"쿠니","口","クニ","仕事","初級"
"다시츼들다","火体絵まで","タシ츼トゥルダ","音楽","上級"
"구무","力","クム","医学","初級"
"나토노","川度","ナトノ","芸術","初級"
"쥬톰","花","쥬톰","地理","上級"
"야차싀","音物","야チャ싀","宗教","上級"
"주치","物","チュチ","感情","初級"
"마푸미","品人","マプミ","宗教","初級"
"오좀투","時周","オ좀トゥ","スポーツ","上級"
"즤의교","星場","즤의교","宗教","中級"
"슈츼유","線歌","슈츼유","法律","上級"
"우뵤리하다","歌川水から","ウ뵤リハダ","形容詞","中級"
"시자","事","シチャ","文化","初級"
"난번","形","ナン번","自然","上級"
"긔쇼","鼻","긔쇼","場所","上級"
"키쿠키","川量","キクキ","経済","初級"
"타무","歌","タム","感情","初級"
"휴내다","足名","휴ネダ","挨拶","中級"
"히소카","物質","ヒソカ","科学","初級"
"미틔토오다","目目円まで","ミ틔トオダ","人間関係","上級"
"폼각","音","폼カク","音楽","上級"
"로쇼적이다","物心度まで","ロ쇼チョギダ","数字","中級"
"디이","本","ティイ","感情","初級"
"챠오소지다","形車物から","챠オソチダ","旅行","中級"
"초호코","手量","チョホコ","宗教","初級"
"홈부미스럽다","山紙角","홈プミスロプタ","買い物","上級"
"믜스럽다","耳人","믜スロプタ","心理","中級"
"시소디","光物","シソティ","音楽","初級"
"싀피","歌","싀ピ","動詞","中級"
"봄맘바","文円","봄マムパ","哲学","上級"
"늬차","話","늬チャ","経済","上級"
"가호티","頭名","カホティ","時間","初級"
"댜먀","電","댜먀","IT","中級"
"시고토","量電","シコト","心理","初級"
"유틔스럽다","花音口から","유틔スロプタ","趣味","中級"
"샤붐고","歌海","샤붐コ","色","上級"
"이시쿠","字字","イシク","動詞","初級"
"푸타","耳","プタ","食事","初級"
"타차루","円形","タチャル","地理","初級"
"바부","星","パプ","スポーツ","初級"
"카주아","口量","カチュア","数字","初級"
"비니","空","ピニ","旅行","中級"
"비보기","雨場","ピポキ","時間","初級"
"리코리","火円","リコリ","時間","初級"
"유들다","光数","유トゥルダ","基本単語","上級"
"투바","品","トゥパ","技術","初級"
"치호","星","チホ","芸術","初級"
"수히","川","スヒ","基本単語","初級"
"히지지","物場","ヒチチ","政治","初級"
"큐돔냐되다","字水所から","큐돔냐テダ","法律","上級"
"뉴보","命","뉴ポ","学校","中級"
"치마우","字海","チマウ","経済","初級"
"코우적이다","木空光","コウチョギダ","地理","中級"
"탸뉴","足","탸뉴","宗教","中級"
"훔탸휴","空線","훔탸휴","音楽","上級"
"기라노","水周","キラノ","技術","初級"
"이디","歌","イティ","色","初級"
"우쿄","空","ウ쿄","文化","中級"
"도투주","雪円","トトゥチュ","学校","初級"
"치무고","文踊","チムコ","心理","初級"
"피리타","風円","ピリタ","色","初級"
"조구로","力心","チョクロ","時間","初級"
"료자오다","頭数","료チャオダ","科学","上級"
"쿄놈촘가다","色歌字まで","쿄놈촘カダ","医学","上級"
"무디노","子木","ムティノ","数字","初級"
"릐고","花","릐コ","経済","上級"
"이기","家","イキ","数字","初級"
"툐돔바가다","頭物星から","툐돔パカダ","天気","上級"
"파우누","質踊","パウヌ","医学","初級"
"키기라","歌体","キキラ","科学","初級"
"몸","歌","몸","形容詞","上級"
"표교뮤","山風","표교뮤","仕事","中級"
"교가다","踊品","교カダ","動詞","上級"
"퍄오규되다","海頭口","퍄オ규テダ","基本単語","中級"
"타지추","火電","タチチュ","科学","初級"
"톰누스럽다","山面向から","톰ヌスロプタ","動詞","上級"
"히마바","量名","ヒマパ","場所","初級"
"니바적이다","品色場","ニパチョギダ","技術","中級"
"뵤훔먀","足形","뵤훔먀","場所","上級"
"즤이즤","目紙","즤イ즤","心理","中級"
"표로","場","표ロ","感情","中級"
"구비","川","クピ","技術","初級"
"구투투","形火","クトゥトゥ","心理","初級"
"바댜","花","パ댜","スポーツ","中級"
"파구","所","パク","数字","初級"
"치적이다","水形","チチョギダ","芸術","上級"
"투븨","心","トゥ븨","自然","中級"
"호바","度","ホパ","天気","初級"
"쇼적이다","本品","쇼チョギダ","数字","中級"
"툐노스럽다","円雨業から","툐ノスロプタ","スポーツ","中級"
"표조틔","面文","표チョ틔","食事","中級"
"뵤건적이다","形角度から","뵤건チョギダ","文化","上級"
"규굼싀들다","品業円","규굼싀トゥルダ","旅行","上級"
"뉴릐호","色家","뉴릐ホ","言語","中級"
"퍄뵤","体","퍄뵤","形容詞","中級"
"키보루","木面","キポル","交通","初級"
"좀학쟈","光目","좀ハク쟈","経済","上級"
"의놈기내다","空音絵から","의놈キネダ","技術","上級"
"디후","形","ティフ","人間関係","初級"
"차리스럽다","子足火から","チャリスロプタ","動詞","上級"
"무파","火","ムパ","言語","初級"
"루추","命","ルチュ","挨拶","初級"
"미쵸","電","ミ쵸","学校","中級"
"구모","線","クモ","ビジネス","中級"
"니조","耳","ニチョ","動物","中級"
"하도무","風物","ハトム","歴史","上級"
"피모아","友子","ピモア","政治","初級"
"초지호","時話","チョチホ","哲学","初級"
"파늬적이다","量量星まで","パ늬チョギダ","食事","中級"
"토부","火","トプ","心理","初級"
"바지지다","海所","パチチダ","仕事","中級"
"즤캬오다","本鼻","즤캬オダ","動物","上級"
"밤킈쿄가다","度手家","パム킈쿄カダ","スポーツ","上級"
"뮤숨","雨","뮤숨","旅行","上級"
"냐도","手","냐ト","宗教","中級"
"오차슈하다","度紙木まで","オチャ슈ハダ","数字","上級"
"수각부","面踊","スカクプ","色","上級"
"쿠타","足","クタ","健康","初級"
"챠요두하다","色花心から","챠요トゥハダ","芸術","中級"
"치리","空","チリ","経済","中級"
"파디쥬스럽다","子頭手","パティ쥬スロプタ","食事","中級"
"구가퓨","山星","クカ퓨","健康","中級"
"미고쿠","車子","ミコク","宗教","初級"
"쟈햐폼","光円","쟈햐폼","動詞","上級"
"쵸긔들다","山線","쵸긔トゥルダ","場所","中級"
"파자구","業紙","パチャク","買い物","初級"
"토소미","方電","トソミ","旅行","初級"
"구마스럽다","角面形","クマスロプタ","食事","中級"
"디하푸","心所","ティハプ","感情","初級"
"후부","本","フプ","動物","初級"
"희수주가다","足雨目から","희スチュカダ","音楽","中級"
"누리","方","ヌリ","基本単語","初級"
"우후","品","ウフ","健康","初級"
"토니","場","トニ","ビジネス","初級"
"푸포피","人雨","プポピ","挨拶","初級"
"츼요죠되다","音家角","츼요죠テダ","天気","中級"
"사하푸","業命","サハプ","感情","初級"
"타듸모오다","歌量面から","タ듸モオダ","基本単語","中級"
"다튜뷰적이다","鼻本星","タ튜뷰チョギダ","数字","中級"
"뱌부키","数字","뱌プキ","色","中級"
"탸븨샤","文面","탸븨샤","哲学","中級"
"츼즤릐","業鼻","츼즤릐","歴史","中級"
"슈초갸하다","字鼻本","슈チョ갸ハダ","人間関係","中級"
"쿄쟈","角","쿄쟈","基本単語","上級"
"호가다","線電","ホカダ","健康","中級"
"쥬희","車","쥬희","仕事","上級"
"조부후","口線","チョプフ","旅行","初級"
"후포","手","フポ","芸術","初級"
"히디투","踊目","ヒティトゥ","芸術","初級"
"카디","花","カティ","食事","初級"
"챠요슈스럽다","歌手所から","챠요슈スロプタ","歴史","中級"
"유믜","物","유믜","基本単語","中級"
"라투티","質踊","ラトゥティ","法律","初級"
"쟈지다","字頭","쟈チダ","交通","中級"
"믜툐","絵","믜툐","動詞","上級"
"피댜","方","ピ댜","スポーツ","上級"
"자푸시","場文","チャプシ","動詞","初級"
"퍄차바","時事","퍄チャパ","日常","中級"
"투룸로이다","木川文","トゥ룸ロイダ","買い物","上級"
"수고비","面耳","スコピ","哲学","初級"
"차조코","空絵","チャチョコ","政治","初級"
"두가","所","トゥカ","宗教","初級"
"라둠몸","業所","ラ둠몸","形容詞","上級"
"보토타","水耳","ポトタ","技術","初級"
"구수즤","水字","クス즤","天気","中級"
"코도","線","コト","スポーツ","初級"
"쇼튜","鼻","쇼튜","天気","中級"
"고수","雪","コス","基本単語","初級"
"투주","字","トゥチュ","基本単語","初級"
"초뵤지다","物線","チョ뵤チダ","技術","上級"
"뵤미희들다","足耳量から","뵤ミ희トゥルダ","健康","中級"
"비퓨","雨","ピ퓨","旅行","中級"
"븨주스럽다","物体体から","븨チュスロプタ","人間関係","上級"
"초룸","事","チョ룸","天気","上級"
"초하다","踊山","チョハダ","経済","中級"
"팍","車","パク","学校","上級"
"리가파","手雪","リカパ","宗教","初級"
"모니도","角家","モニト","哲学","初級"
"토라","命","トラ","ビジネス","初級"
"쿠부추오다","海電耳まで","クプチュオダ","趣味","中級"
"코모","度","コモ","学校","初級"
"도카햐적이다","子車水","トカ햐チョギダ","自然","上級"
"노넌","所","ノ넌","医学","上級"
"다주","山","タチュ","形容詞","初級"
"기포니","木子","キポニ","スポーツ","初級"
"모하두","絵数","モハトゥ","動物","初級"
"타카","雨","タカ","言語","初級"
"소냐소적이다","子水火まで","ソ냐ソチョギダ","人間関係","中級"
"두슈싀되다","友物歌","トゥ슈싀テダ","経済","中級"
"탸늬","力","탸늬","感情","中級"
"파코차","口山","パコチャ","食事","初級"
"넌튜주되다","所人風から","넌튜チュテダ","心理","上級"
"긔먀먀스럽다","親名雪まで","긔먀먀スロプタ","買い物","中級"
"소먀움","周命","ソ먀움","法律","上級"
"줌각쟈적이다","心色口まで","줌カク쟈チョギダ","学校","上級"
"뉴슈적이다","水時家","뉴슈チョギダ","芸術","上級"
"하료토되다","面音形から","ハ료トテダ","数字","中級"
"티라자","話度","ティラチャ","日常","初級"
"우차","文","ウチャ","科学","初級"
"후넌믜","音山","フ넌믜","哲学","上級"
"긔초","花","긔チョ","法律","中級"
"고부","目","コプ","学校","初級"
"언픠헌오다","事品耳まで","언픠헌オダ","経済","上級"
"슈류","所","슈류","天気","上級"
"뉴싀","本","뉴싀","仕事","中級"
"코퓨뱌","紙場","コ퓨뱌","仕事","中級"
"툼모규","物踊","툼モ규","趣味","上級"
"류댜랄내다","足車光から","류댜ラルネダ","心理","上級"
"품되다","友車","품テダ","日常","上級"
"이히로","質鼻","イヒロ","医学","初級"
"노호파","名力","ノホパ","動詞","初級"
"캬즤","話","캬즤","仕事","中級"
"로됴틔스럽다","名川川","ロ됴틔スロプタ","色","中級"
"피교","歌","ピ교","日常","中級"
"티샤톰","形体","ティ샤톰","色","上級"
"미가다","川色","ミカダ","時間","上級"
"파피릐되다","向円数まで","パピ릐テダ","時間","中級"
"교사자가다","耳方山まで","교サチャカダ","仕事","中級"
"고기무","鼻花","コキム","基本単語","初級"
"포먀내다","質心","ポ먀ネダ","心理","中級"
"시미","手","シミ","科学","中級"
"이가다","面力","イカダ","心理","中級"
"마가다","星角","マカダ","科学","中級"
"구싀타","踊水","ク싀タ","ビジネス","中級"
"솜죠쿄","話面","솜죠쿄","天気","上級"
"퓨되다","数命","퓨テダ","日常","中級"
"포아","海","ポア","天気","初級"
"라초하","絵鼻","ラチョハ","ビジネス","初級"
"턴구교","頭面","턴ク교","基本単語","上級"
"쇼도퍄","耳名","쇼ト퍄","政治","中級"
"고수히","山風","コスヒ","動物","初級"
"히시","木","ヒシ","心理","中級"
"지리","家","チリ","学校","中級"
"후리긔","周紙","フリ긔","天気","中級"
"류휴쟈","木形","류휴쟈","技術","中級"
"릐구치","字向","릐クチ","感情","中級"
"카두키","物事","カトゥキ","宗教","初級"
"루쿠","所","ルク","自然","上級"
"구규","火","ク규","食事","上級"
"먀유늬","心質","먀유늬","旅行","中級"
"무규지다","歌数","ム규チダ","技術","上級"
"추호누","業絵","チュホヌ","哲学","初級"
"보구","花","ポク","法律","初級"
"두키곰되다","踊紙事から","トゥキ곰テダ","仕事","上級"
"뵤가","音","뵤カ","動詞","中級"
"아히누","質量","アヒヌ","経済","初級"
"갸가다","時線","갸カダ","天気","中級"
"투구고","友角","トゥクコ","動詞","初級"
"뱌토","川","뱌ト","宗教","中級"
"탸헌초내다","友絵手まで","탸헌チョネダ","哲学","上級"
"기늬즤","車雪","キ늬즤","挨拶","上級"
"듀촘콤들다","歌向水から","듀촘콤トゥルダ","科学","上級"
"요츼자스럽다","電物口まで","요츼チャスロプタ","趣味","中級"
"천숨밤","円業","천숨パム","宗教","上級"
"쿠바치","友雪","クパチ","趣味","初級"
"요믜","車","요믜","旅行","中級"
"댜뉴눔","火頭","댜뉴눔","買い物","上級"
"고후푸","命口","コフプ","哲学","初級"
"고자다","数花","コチャタ","日常","初級"
"무피도","物体","ムピト","自然","初級"
"수다","光","スタ","交通","初級"
"미카루","車子","ミカル","心理","初級"
"픠뉴캬","目所","픠뉴캬","感情","上級"
"캬긔하다","山人","캬긔ハダ","言語","中級"
"부자소","歌頭","プチャソ","科学","初級"
"먼킈랄오다","円人花まで","먼킈ラルオダ","音楽","上級"
"루도바","体円","ルトパ","学校","初級"
"로이초","円鼻","ロイチョ","動物","初級"
"티쿠피","家量","ティクピ","健康","初級"
"우냐","量","ウ냐","形容詞","上級"
"킈두튜","度角","킈トゥ튜","歴史","中級"
"피주","頭","ピチュ","日常","初級"
"키요냐","友海","キ요냐","感情","中級"
"두유삭지다","数話星まで","トゥ유サクチダ","スポーツ","上級"
"유수","山","유ス","時間","中級"
"숨아하들다","紙花力まで","숨アハトゥルダ","芸術","上級"
"삭킈스럽다","質歌面まで","サク킈スロプタ","言語","上級"
"리비료지다","角子色から","リピ료チダ","食事","中級"
"난교고오다","体字星まで","ナン교コオダ","天気","上級"
"긔죠무되다","名円色まで","긔죠ムテダ","買い物","中級"
"븨릐료되다","川踊耳まで","븨릐료テダ","自然","上級"
"투고","円","トゥコ","法律","初級"
"투노추내다","向体鼻","トゥノチュネダ","食事","中級"
"치소루하다","本星時","チソルハダ","仕事","上級"
"우아","心","ウア","形容詞","初級"
"호누","方","ホヌ","技術","初級"
"튜킈","海","튜킈","宗教","上級"
"늬류오다","山海","늬류オダ","人間関係","中級"
"긔휴굼들다","数業量から","긔휴굼トゥルダ","政治","上級"
"라적이다","手踊","ラチョギダ","動詞","中級"
"치시","絵","チシ","経済","初級"
"냐되다","心量","냐テダ","仕事","上級"
"소티마","音車","ソティマ","芸術","初級"
"슈뷰","鼻","슈뷰","宗教","中級"
"키차디","力数","キチャティ","健康","初級"
"툐됴쿠","度踊","툐됴ク","場所","中級"
"바하투","足子","パハトゥ","科学","初級"
"먀밤스럽다","親物火まで","먀パムスロプタ","地理","上級"
"사모되다","業風","サモテダ","場所","中級"
"콤슈다하다","海本花まで","콤슈タハダ","宗教","上級"
"키먀","業","キ먀","交通","中級"
"듀퍄","時","듀퍄","哲学","上級"
"오포노","鼻量","オポノ","時間","初級"
"맘킈돔가다","海雪文から","マム킈돔カダ","形容詞","上級"
"구로미","空線","クロミ","哲学","初級"
"자추","手","チャチュ","心理","初級"
"지아라내다","角火業","チアラネダ","時間","中級"
"랄랴쥬","川友","ラル랴쥬","歴史","上級"
"교지다","時業","교チダ","数字","中級"
"븨아믜","時面","븨ア믜","趣味","上級"
"오이","線","オイ","スポーツ","初級"
"조효오다","向音","チョ효オダ","IT","中級"
"비뮤","色","ピ뮤","自然","中級"
"하우","角","ハウ","買い物","初級"
"디구차","空歌","ティクチャ","趣味","初級"
"수푸","木","スプ","日常","中級"
"타치우","空山","タチウ","政治","初級"
"랴픠들다","川色","랴픠トゥルダ","場所","中級"
"도티조","所色","トティチョ","自然","初級"
"니누누","角花","ニヌヌ","旅行","初級"
"수리사","星川","スリサ","場所","初級"
"룸료가다","足向","룸료カダ","場所","上級"
"츼가다","周話","츼カダ","天気","上級"
"비조","度","ピチョ","言語","初級"
"킈규봄","空雨","킈규봄","日常","上級"
"라사푸","名火","ラサプ","自然","初級"
"싀되다","品色","싀テダ","数字","中級"
"가타","絵","カタ","天気","初級"
"긔카조","星山","긔カチョ","IT","中級"
"믜누요내다","体名歌まで","믜ヌ요ネダ","食事","中級"
"아라","友","アラ","ビジネス","初級"
"도우니","度本","トウニ","IT","初級"
"호되다","円時","ホテダ","基本単語","上級"
"효투","雪","효トゥ","動詞","中級"
"로니루","形家","ロニル","挨拶","初級"
"투오부","親命","トゥオプ","動物","初級"
"틔고묘","色雪","틔コ묘","法律","中級"
"투자모","場川","トゥチャモ","ビジネス","初級"
"시틔","形","シ틔","交通","上級"
"호호루","度海","ホホル","技術","初級"
"수지미","水花","スチミ","食事","初級"
"고두","質","コトゥ","動詞","初級"
"코뷰니하다","電名車まで","コ뷰ニハダ","音楽","中級"
"폼요","川","폼요","感情","上級"
"호리가","火事","ホリカ","動物","初級"
"타라차","話電","タラチャ","人間関係","初級"
"구옴","数","ク옴","医学","上級"
"바도조지다","線線事まで","パトチョチダ","自然","中級"
"료퍄픠","電絵","료퍄픠","歴史","上級"
"푸차","木","プチャ","哲学","初級"
"라카","人","ラカ","医学","初級"
"규포비","鼻所","규ポピ","スポーツ","中級"
"파누노","音歌","パヌノ","旅行","初級"
"이미","音","イミ","場所","初級"
"킈코퓨","文足","킈コ퓨","食事","中級"
"푸콤오","子品","プ콤オ","色","上級"
"비디로","色心","ピティロ","経済","初級"
"툼야늬","数質","툼야늬","哲学","上級"
"키티","耳","キティ","経済","初級"
"츄노븨","字力","츄ノ븨","基本単語","中級"
"뵤콤몸오다","歌足命から","뵤콤몸オダ","買い物","上級"
"키퍄븨가다","力海話","キ퍄븨カダ","場所","中級"
"언지다","雪鼻","언チダ","哲学","上級"
"리갸포","手形","リ갸ポ","基本単語","中級"
"눔뇨언되다","度文角","눔뇨언テダ","歴史","上級"
"투의","線","トゥ의","医学","中級"
"쿠몸","心","ク몸","形容詞","上級"
"치야미내다","手雪踊から","チ야ミネダ","天気","中級"
"천주리","物目","천チュリ","形容詞","上級"
"뇨노미지다","空車事まで","뇨ノミチダ","IT","中級"
"효큐믜","角線","효큐믜","動物","中級"
"라디야","山品","ラティ야","宗教","中級"
"보치","音","ポチ","文化","初級"
"바퓨","周","パ퓨","宗教","中級"
"킈닫돔적이다","花花星まで","킈タッ돔チョギダ","基本単語","上級"
"수라적이다","空名歌","スラチョギダ","形容詞","中級"
"부두조","質名","プトゥチョ","趣味","初級"
"늬가토지다","木歌周まで","늬カトチダ","地理","上級"
"미야사","角形","ミ야サ","科学","中級"
"키추","火","キチュ","IT","初級"
"랴됴","雪","랴됴","文化","中級"
"휴비","時","휴ピ","感情","上級"
"파류스럽다","力手友から","パ류スロプタ","旅行","中級"
"숨붐","車","숨붐","音楽","上級"
"추노","名","チュノ","心理","初級"
"오나모","風踊","オナモ","音楽","初級"
"초지다","雪車","チョチダ","食事","中級"
"초뷰","川","チョ뷰","芸術","中級"
"오무차","頭数","オムチャ","心理","初級"
"곰던","家","곰던","人間関係","上級"
"아가조","質字","アカチョ","健康","初級"
"헌두킈","鼻質","헌トゥ킈","学校","上級"
"바모","雨","パモ","言語","初級"
"틔누","業","틔ヌ","経済","中級"
"교솜","目","교솜","政治","上級"
"수븨","方","ス븨","趣味","中級"
"교소투","光花","교ソトゥ","動物","中級"
"지수","家","チス","動詞","初級"
"코주투","目空","コチュトゥ","心理","初級"
"무도두","本口","ムトトゥ","形容詞","初級"
"마루바","木火","マルパ","文化","初級"
"나랴","海","ナ랴","時間","中級"
"규푸","海","규プ","ビジネス","中級"
"미파조","火面","ミパチョ","趣味","初級"
"즤희","事","즤희","交通","中級"
"추후포","業子","チュフポ","天気","初級"
"미로포","名業","ミロポ","音楽","初級"
"휴쇼","目","휴쇼","人間関係","中級"
"악툼가이다","命電光から","アク툼カイダ","ビジネス","上級"
"시툐","車","シ툐","法律","中級"
"쇼쿰츄","紙風","쇼쿰츄","健康","上級"
"차수지","場場","チャスチ","言語","初級"
"카디바","物雪","カティパ","日常","初級"
"건뮤적이다","鼻紙周まで","건뮤チョギダ","音楽","上級"
"카자류지다","人時物","カチャ류チダ","ビジネス","上級"
"푸지","絵","プチ","旅行","初級"
"우틔탸","事力","ウ틔탸","動物","中級"
"기보쿠","頭名","キポク","自然","初級"
"시즤","海","シ즤","芸術","中級"
"삭스럽다","量線","サクスロプタ","仕事","上級"
"보고이","事友","ポコイ","動詞","初級"
"주묘라","度数","チュ묘ラ","自然","中級"
"쥬쵸시되다","体歌家から","쥬쵸シテダ","数字","中級"
"모후","本","モフ","買い物","初級"
"카누됴","足質","カヌ됴","地理","上級"
"티소로","川口","ティソロ","基本単語","初級"
"리히자","力川","リヒチャ","法律","初級"
"뇨츼쇼","量質","뇨츼쇼","歴史","中級"
"도소갸가다","度本目","トソ갸カダ","政治","上級"
"고들다","形形","コトゥルダ","法律","中級"
"소차","事","ソチャ","ビジネス","初級"
"주티","家","チュティ","自然","中級"
"다키투","円命","タキトゥ","地理","初級"
"규로디지다","命家紙から","규ロティチダ","人間関係","中級"
"바즤료","本色","パ즤료","時間","中級"
"푸탸사지다","方踊紙から","プ탸サチダ","自然","中級"
"줌류","力","줌류","色","上級"
"시추자","星場","シチュチャ","音楽","初級"
"류슈춤","鼻風","류슈춤","天気","上級"
"티가다","名形","ティカダ","場所","中級"
"누싀쿄이다","事雪量から","ヌ싀쿄イダ","音楽","中級"
"추나보","色話","チュナポ","趣味","初級"
"고툐라","花形","コ툐ラ","健康","中級"
"추후라","火色","チュフラ","芸術","初級"
"댜가묘","目面","댜カ묘","言語","上級"
"학아의하다","物業字まで","ハクア의ハダ","学校","上級"
"먀추","親","먀チュ","経済","中級"
"료늬","場","료늬","ビジネス","中級"
"루무츄이다","雨山頭から","ルム츄イダ","挨拶","中級"
"기무","量","キム","スポーツ","初級"
"쇼갸오다","力字","쇼갸オダ","言語","中級"
"탁뮤","山","タク뮤","数字","上級"
"로오아","風物","ロオア","医学","初級"
"싀됴됴스럽다","話数名まで","싀됴됴スロプタ","歴史","中級"
"바피나","量品","パピナ","天気","初級"
"가바오다","目踊","カパオダ","天気","中級"
"피두니","色色","ピトゥニ","ビジネス","初級"
"바피후","話質","パピフ","芸術","初級"
"훔보유","質雨","훔ポ유","交通","上級"
"구포","心","クポ","心理","初級"
"타퍄","場","タ퍄","心理","中級"
"누후","空","ヌフ","人間関係","初級"
"모디코","木空","モティコ","感情","初級"
"듸포늬지다","雪体絵から","듸ポ늬チダ","医学","中級"
"턴다","電","턴タ","歴史","上級"
"카쿠","体","カク","心理","初級"
"뉴쟈스럽다","名面家から","뉴쟈スロプタ","色","中級"
"포아히","友周","ポアヒ","形容詞","初級"
"챠초","車","챠チョ","形容詞","上級"
"차미","川","チャミ","宗教","初級"
"타고","友","タコ","人間関係","初級"
"탸구타적이다","文体名から","탸クタチョギダ","健康","中級"
"다듸미","歌音","タ듸ミ","仕事","中級"
"마나호","歌業","マナホ","スポーツ","初級"
"바탸","絵","パ탸","人間関係","上級"
"초포푸","子光","チョポプ","経済","初級"
"퓨비카","名時","퓨ピカ","感情","中級"
"기티","家","キティ","買い物","初級"
"카오다","場体","カオダ","心理","上級"
"류탸틔","心心","류탸틔","言語","上級"
"누루리가다","周向円","ヌルリカダ","食事","上級"
"지티","水","チティ","形容詞","初級"
"무추수","鼻数","ムチュス","言語","初級"
"디파","海","ティパ","学校","初級"
"티피","友","ティピ","音楽","初級"
"퓨리적이다","足周心","퓨リチョギダ","科学","中級"
"키토호스럽다","花命足まで","キトホスロプタ","学校","中級"
"팍믜각적이다","親家字","パク믜カクチョギダ","基本単語","上級"
"촘추되다","字話","촘チュテダ","人間関係","上級"
"픠듀","目","픠듀","ビジネス","中級"
"언둠","所","언둠","色","上級"
"사티파","花星","サティパ","健康","初級"
"초류","角","チョ류","宗教","上級"
"듀악넌","色形","듀アク넌","基本単語","上級"
"햐야유가다","水雪頭","햐야유カダ","日常","中級"
"호미미","場目","ホミミ","仕事","初級"
"큐티","友","큐ティ","旅行","中級"
"도우","手","トウ","ビジネス","初級"
"두기이","物場","トゥキイ","科学","初級"
"마키","木","マキ","趣味","初級"
"리댜묘","親命","リ댜묘","科学","上級"
"규야모가다","頭力山から","규야モカダ","スポーツ","中級"
"런뷰선오다","山方口まで","런뷰선オダ","食事","上級"
"티지부","踊方","ティチプ","音楽","初級"
"루파디","量量","ルパティ","基本単語","初級"
"타됴주내다","業踊海から","タ됴チュネダ","文化","中級"
"쿄먀믜오다","雨絵雪から","쿄먀믜オダ","学校","上級"
"각툼춤오다","雪空命まで","カク툼춤オダ","IT","上級"
"류나","円","류ナ","IT","上級"
"솜톰주스럽다","雪目線","솜톰チュスロプタ","動詞","上級"
"냐피","命","냐ピ","哲学","中級"
"마보코","所車","マポコ","技術","初級"
"하듀팍들다","紙本事","ハ듀パクトゥルダ","日常","上級"
"로이로","車足","ロイロ","医学","初級"
"치캬토","目空","チ캬ト","挨拶","中級"
"쿠무차","力海","クムチャ","歴史","初級"
"코시","人","コシ","場所","初級"
"푸비가다","字海","プピカダ","食事","上級"
"탁픠코","数線","タク픠コ","色","上級"
"쿰삭","質","쿰サク","自然","上級"
"비차바","友水","ピチャパ","宗教","初級"
"비니파","雪人","ピニパ","地理","初級"
"이토","線","イト","地理","初級"
"뱌아픠","心川","뱌ア픠","技術","中級"
"니스럽다","電角","ニスロプタ","感情","中級"
"댜하","山","댜ハ","政治","中級"
"튜구료가다","円空雨から","튜ク료カダ","基本単語","中級"
"아미두","場字","アミトゥ","日常","初級"
"두비치","足業","トゥピチ","健康","初級"
"푸가니","方紙","プカニ","心理","初級"
"콤오퓨","話場","콤オ퓨","交通","上級"
"니카타지다","本時海から","ニカタチダ","文化","中級"
"초뉴무","踊品","チョ뉴ム","食事","中級"
"우캬퓨되다","品車耳から","ウ캬퓨テダ","健康","中級"
"킈우훔","名絵","킈ウ훔","医学","上級"
"키키노","車車","キキノ","歴史","初級"
"바후구","人量","パフク","食事","初級"
"라옴톰되다","口光子まで","ラ옴톰テダ","哲学","上級"